Xcoord,Ycoord
0.9112014438479926,0.05984041033823362
0.8882144575775969,0.3994671961632592
0.4289837750281744,0.9718727544939878
0.5855945475159432,0.6573971807837701
0.041081677749027934,0.7670210586683832
0.7794094290373951,0.6376566976355051
0.9953997906482424,0.7846464510017411
0.8057099247396233,0.4436201080271618
0.9450093693191066,0.7639507186646796
0.8161436005970454,0.9687564056773494