Xcoord,Ycoord
0.342349938,0.058502904
0.132609064,0.238649596
0.405928224,0.059501778
0.774609079,0.147827675
0.608903651,0.629541234
0.681582931,0.933571063
0.160519423,0.569357209
0.639499524,0.266007867
0.977719814,0.399488548
0.338415218,0.098346184
