MAX,
2,3.76125
5.5625,4.40125
6.2825,7.15
7.4225,4.82125
7.7225,3.02125
5.5,2.8
,
max,
1.25,6.2
2.2,4.8
0.5,5
