Xcoord,Ycoord
0.012,0.864
0.028,0.836
0.004,0.63
0.026,0.546
0.05,0.344
0.052,0.05800000000000005
0.028,0.18600000000000005
0.836,0.122
0.772,0.22399999999999998
0.73,0.31799999999999995
0.684,0.272
0.938,0.716
0.936,0.608
0.962,0.554
0.932,0.504
0.936,0.86