Xcoord,Ycoord
0.528,0.46599999999999997
0.552,0.748
0.762,0.28800000000000003
0.056,0.17400000000000004
0.88,0.91