Xcoord,Ycoord
5.4,5.5
4.8625,7.82125
7.3825,6.14125
7.1025,1.66125
3.9425,2.62125
1.3625,1.18125
