Xcoord,Ycoord
0.318,0.06799999999999995
0.518,0.95
0.024,0.43000000000000005
0.948,0.502