Xcoord,Ycoord
0.644,0.242
0.24,0.386
0.048,0.39
0.152,0.15000000000000002
0.654,0.698
0.526,0.87
0.156,0.85
0.43,0.5900000000000001
0.91,0.72
0.88,0.634
0.728,0.406