Xcoord,Ycoord
0.308,0.352
0.936,0.06999999999999995
0.82,0.834
0.59,0.874
0.46,0.8160000000000001
0.712,0.498
0.952,0.656