Xcoord,Ycoord
0.936640447,0.706594727
0.542312379,0.733273277
0.24332502,0.376333895
0.055263037,0.083922462
0.845641974,0.904959172
0.753467217,0.42431886
0.552085689,0.041786197
0.391133789,0.511518085
0.508555852,0.187969436
0.886681823,0.158358532
