Xcoord,Ycoord
0.178,0.77
0.706,0.32199999999999995
0.762,0.916
0.92,0.78
0.362,0.028000000000000025
0.43,0.21199999999999997
0.174,0.528